"","SPECIES_CODE","SCI_NAME","COM_NAME"
"1","APO_BINO","Apogon binotatus","barred cardinalfish"
"2","NIC_USTA","Nicholsina usta","emerald parrotfish"
"3","EPI_GUTT","Epinephelus guttatus","red hind"
"4","PRI_AREN","Priacanthus arenatus","bigeye"
"5","CAR_RUBE","Caranx ruber","bar jack"
"6","BAL_VETU","Balistes vetula","queen triggerfish"
"7","LAC_MAXI","Lachnolaimus maximus","hogfish"
"8","HAE_MELA","Haemulon melanurum","cottonwick"
"9","GYM_MILI","Gymnothorax miliaris","goldentail moray"
"10","LUT_SPE.","snapper species","snapper species"
"11","MIC_CHRY","Microspathodon chrysurus","yellowtail damselfish"
"12","ACA_CHIR","Acanthurus chirurgus","doctorfish"
"13","SPA_RUBR","Sparisoma rubripinne","yellowtail parrotfish"
"14","EUC_ARGE","Eucinostomus argenteus","spotfin mojarra"
"15","HAL_GARN","Halichoeres garnoti","yellowhead wrasse"
"16","SRR_SPE.","grouper-sea bass species","grouper-sea bass species"
"17","SPA_ATOM","Sparisoma atomarium","greenblotch parrotfish"
"18","CHA_STRI","Chaetodon striatus","banded butterflyfish"
"19","ODO_DENT","Odontoscion dentex","reef croaker"
"20","LAC_TRIG","Lactophrys trigonus","trunkfish"
"21","REM_REMO","Remora remora","remora"
"22","COR_EIDO","Coryphopterus eidolon","pallid goby"
"23","BLE_SPE.","blenny species","blenny species"
"24","ACA_BAHI","Acanthurus bahianus","ocean surgeon"
"25","INE_VITT","Inermia vittata","boga"
"26","OPI_WHIT","Opistognathus whitehursti","dusky jawfish"
"27","RYP_MACU","Rypticus maculatus","whitespotted soapfish"
"28","BAL_CAPR","Balistes capriscus","gray triggerfish"
"29","SPA_VIRI","Sparisoma viride","stoplight parrotfish"
"30","SYN_FOET","Synodus foetens","inshore lizardfish"
"31","SCA_TAEN","Scarus taeniopterus","princess parrotfish"
"32","HAE_PARR","Haemulon parra","sailors choice"
"33","SER_TORT","Serranus tortugarum","chalk bass"
"34","AMB_PINO","Amblycirrhitus pinos","redspotted hawkfish"
"35","HAE_MACR","Haemulon macrostomum","Spanish grunt"
"36","SPH_SPEN","Sphoeroides spengleri","bandtail puffer"
"37","MUL_MART","Mulloidichthys martinicus","yellow goatfish"
"38","CAR_PERE","Carcharhinus perezii","reef shark"
"39","HAE_CARB","Haemulon carbonarium","caesar grunt"
"40","BOD_PULC","Bodianus pulchellus","spotfin hogfish"
"41","HAE_CHRY","Haemulon chrysargyreum","smallmouth grunt"
"42","PEM_SCHO","Pempheris schomburgkii","glassy sweeper"
"43","PSE_MACU","Pseudupeneus maculatus","spotted goatfish"
"44","CHR_INSO","Chromis insolata","sunshinefish"
"45","SCO_PLUM","Scorpaena plumieri","spotted scorpionfish"
"46","APO_TOWN","Apogon townsendi","belted cardinalfish"
"47","SCO_REGA","Scomberomorus regalis","cero"
"48","OPH_MACC","Ophioblennius macclurei","redlip blenny"
"49","COR_PUNC","Coryphopterus punctipectophorus","spotted goby"
"50","CAN_SUFF","Canthidermis sufflamen","ocean triggerfish"
"51","SER_TIGR","Serranus tigrinus","harlequin bass"
"52","XYR_SPE.","razorfish species","razorfish species"
"53","HAR_JAGU","Harengula jaguana","scaled sardine"
"54","HYP_TANN","Hypoplectrus tann","tan hamlet"
"55","ATH_STIP","Atherinomorus stipes","hardhead silverside"
"56","STE_PART","Stegastes partitus","bicolor damselfish"
"57","LUT_MAHO","Lutjanus mahogoni","mahogany snapper"
"58","SCO_CARI","Scorpaenodes caribbaeus","reef scorpionfish"
"59","TRA_FALC","Trachinotus falcatus","permit"
"60","HEM_BRAS","Hemiramphus brasiliensis","ballyhoo"
"61","CHR_CYAN","Chromis cyanea","blue chromis"
"62","HAL_RADI","Halichoeres radiatus","puddingwife"
"63","GOB_SPE.","goby species","goby species"
"64","AST_SPE.","Astrapogon sp.","cardinalfish species"
"65","CHA_OCEL","Chaetodon ocellatus","spotfin butterflyfish"
"66","MAL_MACR","Malacoctenus macropus","rosy blenny"
"67","CAL_BAJO","Calamus bajonado","jolthead porgy"
"68","CAR_LATU","Caranx latus","horse-eye jack"
"69","ABU_SAXA","Abudefduf saxatilis","sergeant major"
"70","EQU_PUNC","Equetus punctatus","spotted drum"
"71","PAR_BAIR","Paradiplogrammus bairdi","lancer dragonet"
"72","MAL_AURO","Malacoctenus aurolineatus","goldline blenny"
"73","ACA_QUAD","Acanthostracion quadricornis","scrawled cowfish"
"74","SCA_COER","Scarus coeruleus","blue parrotfish"
"75","CAR_LEUC","Carcharhinus leucas","bull shark"
"76","CAR_CRYS","Caranx crysos","blue runner"
"77","MEL_NIGE","Melichthys niger","black durgon"
"78","LUT_GRIS","Lutjanus griseus","gray snapper"
"79","ECH_NEUC","Echeneis neucratoides","whitefin sharksucker"
"80","ARC_PROB","Archosargus probatocephalus","sheepshead"
"81","XYR_NOVA","Xyrichtys novacula","pearly razorfish"
"82","SPH_BARR","Sphyraena barracuda","great barracuda"
"83","LUT_APOD","Lutjanus apodus","schoolmaster"
"84","SYN_SYNO","Synodus synodus","red lizardfish"
"85","DEC_MACA","Decapterus macarellus","mackerel scad"
"86","HAE_SCIU","Haemulon sciurus","bluestriped grunt"
"87","HAL_BIVI","Halichoeres bivittatus","slippery dick"
"88","COR_PERS","Coryphopterus personatus","masked goby"
"89","HAE_STRI","Haemulon striatum","striped grunt"
"90","DEC_PUNC","Decapterus punctatus","round scad"
"91","STE_SPE.","damselfish species","damselfish species"
"92","HAE_FLAV","Haemulon flavolineatum","French grunt"
"93","GER_CINE","Gerres cinereus","yellowfin mojarra"
"94","ACA_SPE.","Acanthurus sp.","surgeonfish species"
"95","EPI_MORI","Epinephelus morio","red grouper"
"96","DIO_HYST","Diodon hystrix","porcupinefish"
"97","POM_ARCU","Pomacanthus arcuatus","gray angelfish"
"98","GNA_THOM","Gnatholepis thompsoni","goldspot goby"
"99","SAR_CORU","Sargocentron coruscum","reef squirrelfish"
"100","LAC_TRIQ","Lactophrys triqueter","smooth trunkfish"
"101","ALU_SCRI","Aluterus scriptus","scrawled filefish"
"102","JEN_SPE.","Jenkinsia sp.","herring species"
"103","PTE_VOLI","Pterois volitans","red lionfish"
"104","HYP_GEMM","Hypoplectrus gemma","blue hamlet"
"105","SCA_SPE.","Scarus sp.","parrotfish species"
"106","SYN_INTE","Synodus intermedius","sand diver"
"107","GIN_CIRR","Ginglymostoma cirratum","nurse shark"
"108","SCO_MACU","Scomberomorus maculatus","Spanish mackerel"
"109","ELA_BIPI","Elagatis bipinnulata","rainbow runner"
"110","HOL_RUFU","Holocentrus rufus","longspine squirrelfish"
"111","CAL_PROR","Calamus proridens","littlehead porgy"
"112","COR_GLAU","Coryphopterus glaucofraenum","bridled goby"
"113","LUT_JOCU","Lutjanus jocu","dog snapper"
"114","ACA_ASPE","Acanthemblemaria aspera","roughhead blenny"
"115","SPA_CHRY","Sparisoma chrysopterum","redtail parrotfish"
"116","SER_DUME","Seriola dumerili","greater amberjack"
"117","COR_SPE.","Coryphopterus sp.","goby species"
"118","SCA_ISER","Scarus iseri","striped parrotfish"
"119","SPA_AURO","Sparisoma aurofrenatum","redband parrotfish"
"120","HAL_PICT","Halichoeres pictus","rainbow wrasse"
"121","URO_JAMA","Urobatis jamaicensis","yellow stingray"
"122","HYP_UNIC","Hypoplectrus unicolor","butter hamlet"
"123","AUL_MACU","Aulostomus maculatus","Atlantic trumpetfish"
"124","MIC_CARR","Microgobius carri","Seminole goby"
"125","EQU_LANC","Equetus lanceolatus","jackknife-fish"
"126","CRY_ROSE","Cryptotomus roseus","bluelip parrotfish"
"127","AET_NARI","Aetobatus narinari","spotted eagle ray"
"128","ACA_MARI","Acanthemblemaria maria","secretary blenny"
"129","MYR_JACO","Myripristis jacobus","blackbar soldierfish"
"130","CAL_SPE.","porgy species","porgy species"
"131","HOL_CILI","Holacanthus ciliaris","queen angelfish"
"132","CEN_UNDE","Centropomus undecimalis","common snook"
"133","HOL_TOWN","Holocanthus townsendi","townsend angelfish"
"134","CAR_SPE.","Caranx sp.","jack species"
"135","HAE_SPE.","Haemulon sp.","grunt species"
"136","CHA_CAPI","Chaetodon capistratus","foureye butterflyfish"
"137","CAR_BART","Carangoides bartholomaei","yellow jack"
"138","CAL_CALA","Calamus calamus","saucereye porgy"
"139","PTE_CALL","Ptereleotris calliura","blue dartfish"
"140","STE_VARI","Stegastes variabilis","cocoa damselfish"
"141","FIS_TABA","Fistularia tabacaria","bluespotted cornetfish"
"142","MON_TUCK","Monacanthus tuckeri","slender filefish"
"143","PAR_UMBR","Pareques umbrosus","cubbyu"
"144","HAR_HUME","Harengula humeralis","redear sardine"
"145","DIP_ARGE","Diplodus argenteus","silver porgy"
"146","MON_CILI","Monacanthus ciliatus","fringed filefish"
"147","GYM_FUNE","Gymnothorax funebris","green moray"
"148","EPI_STRI","Epinephelus striatus","Nassau grouper"
"149","MAL_TRIA","Malacoctenus triangulatus","saddled blenny"
"150","PRO_ACUL","Prognathodes aculeatus","longsnout butterflyfish"
"151","STE_LEUC","Stegastes leucostictus","beaugregory"
"152","CHA_FABE","Chaetodipterus faber","Atlantic spadefish"
"153","SER_TABA","Serranus tabacarius","tobaccofish"
"154","HOL_TRIC","Holacanthus tricolor","rock beauty"
"155","TYL_CROC","Tylosurus crocodilus","houndfish"
"156","CAN_PULL","Cantherhines pullus","orangespotted filefish"
"157","LUT_SYNA","Lutjanus synagris","lane snapper"
"158","LIO_RUBE","Liopropoma rubre","peppermint basslet"
"159","EUT_ALLE","Euthynnus alletteratus","little tunny"
"160","GYM_MORI","Gymnothorax moringa","spotted moray"
"161","MYC_BONA","Mycteroperca bonaci","black grouper"
"162","ELA_OCEA","Elacatinus oceanops","neon goby"
"163","COR_DICR","Coryphopterus dicrus","colon goby"
"164","LAC_BICA","Lactophrys bicaudalis","spotted trunkfish"
"165","PAR_ACUM","Pareques acuminatus","high-hat"
"166","APO_PSEU","Apogon pseudomaculatus","twospot cardinalfish"
"167","HAL_POEY","Halichoeres poeyi","blackear wrasse"
"168","SCA_GUAC","Scarus guacamaia","rainbow parrotfish"
"169","XYR_MART","Xyrichtys martinicensis","rosy razorfish"
"170","PTE_HELE","Ptereleotris helenae","hovering dartfish"
"171","SPA_RADI","Sparisoma radians","bucktooth parrotfish"
"172","LUT_ANAL","Lutjanus analis","mutton snapper"
"173","DIP_FORM","Diplectrum formosum","sand perch"
"174","LUT_BUCC","Lutjanus buccanella","blackfin snapper"
"175","HEM_SIMU","Hemiemblemaria simula","wrasse blenny"
"176","SPA_SPE.","Sparisoma sp.","parrotfish species"
"177","HYP_SPE.","Hypoplectrus sp.","hamlet species"
"178","EPI_ADSC","Epinephelus adscensionis","rock hind"
"179","ACA_POLY","Acanthostracion polygonia","honeycomb cowfish"
"180","CAL_NODO","Calamus nodosus","knobbed porgy"
"181","STE_PLAN","Stegastes planifrons","threespot damselfish"
"182","HAL_MACU","Halichoeres maculipinna","clown wrasse"
"183","CAN_MACR","Cantherhines macrocerus","whitespotted filefish"
"184","DIP_HOLB","Diplodus holbrookii","spottail pinfish"
"185","ECH_NAUC","Echeneis naucrates","sharksucker"
"186","HAE_PLUM","Haemulon plumierii","white grunt"
"187","CHR_MULT","Chromis multilineata","brown chromis"
"188","ANI_SURI","Anisotremus surinamensis","black margate"
"189","SAR_VEXI","Sargocentron vexillarium","dusky squirrelfish"
"190","POM_PARU","Pomacanthus paru","French angelfish"
"191","CHR_ENCH","Chromis enchrysura","yellowtail reeffish"
"192","KYP_SECT","Kyphosus sectatrix","Bermuda chub"
"193","BOT_OCEL","Bothus ocellatus","eyed flounder"
"194","RYP_SAPO","Rypticus saponaceus","greater soapfish"
"195","CHI_ATIN","Chilomycterus atinga","spotted burrfish"
"196","MEG_ATLA","Megalops atlanticus","tarpon"
"197","MAL_PLUM","Malacanthus plumieri","sand tilefish"
"198","SCA_COEL","Scarus coelestinus","midnight parrotfish"
"199","STR_NOTA","Strongylura notata","redfin needlefish"
"200","SER_BALD","Serranus baldwini","lantern bass"
"201","HOL_ADSC","Holocentrus adscensionis","squirrelfish"
"202","ELA_MACR","Elacatinus macrodon","tiger goby"
"203","ACA_COER","Acanthurus coeruleus","blue tang"
"204","HOL_BERM","Holacanthus bermudensis","blue angelfish"
"205","GYM_VICI","Gymnothorax vicinus","purplemouth moray"
"206","CAR_HIPP","Caranx hippos","crevalle jack"
"207","THA_BIFA","Thalassoma bifasciatum","bluehead"
"208","SCA_CRIS","Scartella cristata","molly miller"
"209","CHI_ANTE","Chilomycterus antennatus","bridled burrfish"
"210","HYP_HYBR","Hypoplectrus hybrid","hybrid hamlet"
"211","XYR_SPLE","Xyrichtys splendens","green razorfish"
"212","HOL_SPE.","squirrelfish species","squirrelfish species"
"213","HAE_AURO","Haemulon aurolineatum","tomtate"
"214","HET_CRUE","Heteropriacanthus cruentatus","glasseye snapper"
"215","CHR_SCOT","Chromis scotti","purple reeffish"
"216","CLE_PARR","Clepticus parrae","creole wrasse"
"217","ARC_RHOM","Archosargus rhomboidalis","sea bream"
"218","OPI_MACR","Opistognathus macrognathus","banded jawfish"
"219","CTE_SAEP","Ctenogobius saepepallens","dash goby"
"220","ELA_SPE.","shark species","shark species"
"221","STE_DIEN","Stegastes diencaeus","longfin damselfish"
"222","OPI_AURI","Opistognathus aurifrons","yellowhead jawfish"
"223","SCA_VETU","Scarus vetula","queen parrotfish"
"224","MYC_VENE","Mycteroperca venenosa","yellowfin grouper"
"225","APO_MACU","Apogon maculatus","flamefish"
"226","CAL_PENN","Calamus penna","sheepshead porgy"
"227","DAS_AMER","Dasyatis americana","southern stingray"
"228","DIO_HOLO","Diodon holocanthus","balloonfish"
"229","HYP_PUEL","Hypoplectrus puella","barred hamlet"
"230","MYC_PHEN","Mycteroperca phenax","scamp"
"231","EPI_ITAJ","Epinephelus itajara","goliath grouper"
"232","STE_ADUS","Stegastes adustus","dusky damselfish"
"233","CAN_ROST","Canthigaster rostrata","sharpnose puffer"
"234","OXY_STIG","Oxyurichthys stigmalophius","spotfin goby"
"235","MYC_MICR","Mycteroperca microlepis","gag"
"236","ALU_SPE.","Aluterus sp.","filefish species"
"237","OCY_CHRY","Ocyurus chrysurus","yellowtail snapper"
"238","HAL_CYAN","Halichoeres cyanocephalus","yellowcheek wrasse"
"239","CEP_FULV","Cephalopholis fulva","coney"
"240","ALU_SCHO","Aluterus schoepfii","orange filefish"
"241","PRI_OPHR","Prionotus ophryas","bandtail searobin"
"242","CEP_CRUE","Cephalopholis cruentata","graysby"
"243","MEN_SPE.","Menidia sp.","silverside species"
"244","PAR_MARM","Parablennius marmoreus","seaweed blenny"
"245","BOD_RUFU","Bodianus rufus","Spanish hogfish"
"246","CHA_SEDE","Chaetodon sedentarius","reef butterflyfish"
"247","HAE_ALBU","Haemulon album","margate"
"248","HYP_NIGR","Hypoplectrus nigricans","black hamlet"
"249","ANI_VIRG","Anisotremus virginicus","porkfish"
"250","ALP_AFER","Alphestes afer","mutton hamlet"
"251","SPH_TEST","Sphoeroides testudineus","checkered puffer"
"252","MYR_OCEL","Myrichthys ocellatus","goldspotted eel"
"253","PAR_ALBI","Paralichthys albigutta","Gulf flounder"
"254","HYP_INDI","Hypoplectrus indigo","indigo hamlet"
"255","APO_AURO","Apogon aurolineatus","bridle cardinalfish"
"256","SER_RIVO","Seriola rivoliana","almaco jack"
"257","NES_LONG","Nes longus","orangespotted goby"
"258","MIC_MICR","Microgobius microlepis","banner goby"
"259","DIO_SPE.","puffer species","puffer species"
"260","EMB_BAHA","Emblemariopsis bahamensis","blackhead blenny"
"261","ELA_EVEL","Elacatinus evelynae","sharknose goby"
"262","DEC_SPE.","Decapterus sp.","scad species"
"263","EMB_PAND","Emblemaria pandionis","sailfin blenny"
"264","HET_LONG","Heteroconger longissimus","brown garden eel"
"265","BEL_SPE.","needlefish species","needlefish species"
"266","HAL_CAUD","Halichoeres caudalis","painted wrasse"
"267","SCO_CAVA","Scomberomorus cavalla","king mackerel"
"268","HAL_SPE.","Halichoeres species","wrasse species"
"269","GER_SPE.","Gerres sp.","mojarra species"
"270","LAG_RHOM","Lagodon rhomboides","pinfish"
"271","LUT_CYAN","Lutjanus cyanopterus","cubera snapper"
"272","PHA_XENU","Phaeoptyx xenus","sponge cardinalfish"
"273","CHL_CHRY","Chloroscombus chrysurus","Atlantic bumper"
"274","UNK_SPE.","unknown species","unknown species"
"275","NEG_BREV","Negaprion brevirostris","lemon shark"
"276","MYC_INTE","Mycteroperca interstitialis","yellowmouth grouper"
"277","CAR_LIMB","Carcharhinus limbatus","blacktip shark"
"278","ANT_OCEL","Antennarius ocellatus","ocellated frogfish"
"279","LAB_NIGR","Labrisomus nigricinctus","spotcheek blenny"
"280","PAG_PAGR","Pagrus pagrus","red porgy"
"281","SYA_MICR","Syacium micrurum","channel flounder"
"282","CEN_ARGI","Centropyge argi","cherubfish"
"283","STR_SPE.","Stromateidae species","butterfish species"
"284","RAC_CANA","Rachycentron canadum","cobia"
"285","ENG_SPE.","Engraulidae species","anchovy species"
"286","GAL_CUVI","Galeocerdo cuvier","tiger shark"
"287","ARI_BALE","Ariosoma balearicum","bandtooth conger"
"288","PAR_NIGR","Paraclinus nigripinnis","blackfin blenny"
"289","IST_PLAT","Istiophorus platypterus","sailfish"
"290","CEN_STRI","Centropristis striata","black sea bass"
"291","MIC_SPE.","Microgobius species","goby Microgobius"
"292","SCH_BETA","Schultzea beta","school bass"
"293","GYM_SAXI","Gymnothorax saxicola","honeycomb moray"
"294","HIP_EREC","Hippocampus erectus","lined seahorse"
"295","STE_SETI","Stephanolepis setifer","pygmy filefish"
"296","ECH_CATE","Echidna catenata","chain moray"
"297","HIP_REID","Hippocampus reidi","longsnout seahorse"
"298","PLA_ORBI","Platax orbicularis","orbicular batfish"
"299","EMM_ATLA","Emmelichthyops atlanticus","bonnetmouth"
"300","LAB_KALI","Labrisomus kalisherae","downy blenny"
"301","COR_LIPE","Coryphopterus lipernes","peppermint goby"
"302","COS_ELUC","Cosmocampus elucens","shortfin pipefish"
"303","HIP_SPE.","Hippocampus species","seahorse/pipefish species"
"304","APO_QUAD","Apogon quadrisquamatus","sawcheek cardinalfish"
"305","CHA_OCLL","Chaenopsis ocellata","bluethroat pikeblenny"
"306","CEN_AURA","Centropyge aurantonotus","flameback angelfish"
"307","TRI_SPE.","Triglidae species","sea robin species"
"308","OGC_NASU","Ogcocephalus nasutus","shortnose batfish"
"309","GOB_GROS","Gobiosoma grosvenori","rockcut goby"
"310","CAL_PENA","Calamus pennatula","pluma porgy "
"311","ACA_SOLA","Acanthocybium solandri","wahoo"
"312","UPE_PARV","Upeneus parvus","dwarf goatfish"
"313","OPH_OPHI","Ophichthus ophis","spotted snake eel"
"314","MYC_ACUT","Mycteroperca acutirostris","western comb grouper"
"315","SER_ANNU","Serranus annularis","orangeback bass"
"316","ANC_LYOL","Anchoa lyolepis","dusky anchovy"
"317","MUG_CEPH","Mugil cephalus","striped mullet"
"318","SAR_SARD","Sarda sarda","Atlantic bonito"
"319","ELA_RAND","Elacatinus randalli","yellownose goby"
"320","AST_GUTT","Astroscopus guttatus","northern stargazer"
"321","PRI_HIPO","Priolepis hipoliti","rusty goby"
"322","HYP_GUTT","Hypoplectrus guttavarius","shy hamlet"
"323","STE_HISP","Stephanolepis hispidus","planehead filefish"
"324","ABL_HIAN","Ablennes hians","flat needlefish"
"325","ELA_CHAN","Elacatinus chancei","shortstripe goby"
"326","SEL_VOME","Selene vomer","lookdown"
"327","MAL_BOEH","Malacoctenus boehlkei","diamond blenny"
"328","TRA_GOOD","Trachinotus goodei","palometa"
"329","LIO_EUKR","Liopropoma eukrines","wrasse basslet"
"330","HYP_BERM","Hypleurochilus bermudensis","barred blenny"
"331","SAR_BULL","Sargocentron bullisi","deepwater squirrelfish"
"332","AST_STEL","Astrapogon stellatus","conchfish"
"333","PEP_TRIA","Peprilus triacanthus ","American butterfish"
"334","CEN_OCYU","Centropristis ocyurus","bank sea bass"
"335","SPH_PICU","Sphyraena picudilla","southern sennet"
"336","SPH_TIBU","Sphyrna tiburo","bonnethead"
"337","SYN_DAWS","Syngnathus dawsoni","black-striped pipefish"
"338","EUC_MELA","Eucinostomus melanopterus","flagfin mojarra"
"339","OPH_SPE.","Ophichthidae species","snake eel species"
"340","SER_PUMI","Serraniculus pumilio","pygmy sea bass"
"341","SYN_SCOV","Syngnathus scovelli","gulf pipefish"
"342","EMB_SPE.","Emblemaria species","tube blenny Emblemaria"
"343","SCR_SPE.","Scorpaena species","scorpionfish species"
"344","PAR_MARN","Paraclinus marmoratus","marbled blenny"
"345","ELO_SAUR","Elops saurus","ladyfish"
"346","EUC_LEFR","Eucinostomus lefroyi","mottled mojarra"
"347","LIO_MOWB","Liopropoma mowbrayi","cave basslet"
"348","ELA_LOUI","Elacatinus louisae","spotlight goby"
"349","MIC_SIGN","Microgobius signatus","dashback goby"
"350","LAB_GOBI","Labrisomus gobio","palehead blenny"
"351","RHO_AURO","Rhomboplites aurorubens","vermilion snapper"
"352","GYM_NIGR","Gymnothorax nigromarginatus","blackedge moray"
"353","SPH_NEPH","Sphoeroides nephelus","southern puffer"
"354","LOP_CYPR","Lophogobius cyprinoides","crested goby"
"355","DIP_BIVI","Diplectrum bivittatum","dwarf sand perch"
"356","SER_SPE.","Serranus species","Seabass species"
"357","PLA_ARGA","Platybelone argalus argalus","keeltail needlefish"
"358","ALB_VULP","Albula vulpes","bonefish"
"359","ENN_ALTI","Enneanectes altivelis","lofty triplefin"
"360","MAL_VERS","Malacoctenus versicolor","barfin blenny"
"361","COR_VENE","Coryphopterus venezuelae","sand-canyon goby"
"362","HAL_BURE","Halichoeres burekae","mardi gras wrasse"
"363","CHI_SCHO","Chilomycterus schoepfii","striped burrfish"
"364","LAB_SPE.","Labrisomid sp.","labrisomid blenny species"
"365","CAN_SPE.","Canthigaster species","puffers"
"366","SYN_SAUR","Synodus saurus","bluestriped lizardfish"
"367","EPI_DRUM","Epinephelus drummondhayi","speckled hind"
"368","HYP_GUMM","Hypoplectrus gummigutta","golden hamlet"
"369","RHI_BONA","Rhinoptera bonasus","cownose ray"
"370","RHI_LENT","Rhinobatos lentiginosus","Atlantic guitarfish"
"371","DOR_MEGA","Doratonotus megalepis","dwarf wrasse"
"372","OPI_MAXI","Opistognathus maxillosus","mottled jawfish"
"373","BOT_SPE.","Bothus species","lefteye flounders"
"374","ENN_SPE.","Enneanectes species","triplefin species"
"375","CHA_LIMB","Chaenopsis limbaughi","yellowface pikeblenny"
"376","NO_FISH","no observed fishes","no observed fishes"
"377","SER_FLAV","Serranus flaviventris","twinspot bass"
"378","NEO_MARI","Neoniphon marianus","longjaw squirrelfish"
"379","MYC_TIGR","Mycteroperca tigris","tiger grouper"
"380","SPH_MOKA","Sphyrna mokarran","great hammerhead"
"381","RIS_RUBE","Risor ruber","tusked goby"
"382","EUC_JONE","Eucinostomus jonesii","slender mojarra"
"383","GRA_LORE","Gramma loreto","fairy basslet"
"384","SER_SUBL","Serranus subligarius","belted sandfish"
"385","SER_ZONA","Seriola zonata","banded rudderfish"
"386","POM_SPE.","Pomacanthus species","angelfish Pomacanthus "
"387","STR_TIMU","Strongylura timucu","timucu"
"388","LON_MICR","Lonchopisthus micrognathus","swordtail jawfish"
"389","COR_TORT","Coryphopterus tortugae","patch-reef goby"
"390","CON_TRIP","Conger triporiceps","manytooth conger"
"391","MAN_BIRO","Manta birostris","giant manta"
"392","EPI_FLAV","Epinephelus flavolimbatus","yellowedge grouper"
"393","MAL_GILL","Malacoctenus gilli","dusky blenny"
"394","PAR_INCI","Parasphyraenops incisus","splitfin bass"
"395","SPH_GUAC","Sphyraena guachancho","guaguanche"
"396","CAN_JAME","Canthigaster jamestyleri","goldface toby"
"397","ELA_HORS","Elacatinus horsti","yellowline goby"
"398","LAB_NUCH","Labrisomus nuchipinnis","hairy blenny"
"399","MYR_BREV","Myrichthys breviceps","sharptail eel"
"400","ENC_CARY","Enchelycore carychroa","chestnut moray"
"401","BAT_SOPO","Bathygobious soporator","frillfin goby"
"402","OGC_SPE.","Ogcocephalus sp.","batfish species"
"403","STY_LATE","Stygnobrotula latebricola","black brotula"
"404","MYR_SPE.","Myrichthys species","snake eel Myrichthys"
"405","CAL_LEUC","Calamus leucosteus","whitebone porgy"
"406","ELA_PROC","Elacatinus prochilos","broadstripe goby"
"407","HYP_HARR","Hypoatherina harringtonensis","reef silverside"
"408","SPH_LEWI","Sphyrna lewini","scalloped hammerhead"
"409","ACN_SPE.","Acanthemblemaria species","tube blenny Acanthemblemaria"
"410","MUR_RETI","Muraena retifera","reticulate moray"
"411","ABU_TAUR","Abudefduf taurus","night sergeant"
"412","PRI_AQUI","Pristipomoides aquilonaris","wenchman"
"413","BOL_BOQU","Bollmannia boqueronensis","white-eye goby"
"414","PRI_PECT","Pristis pectinata","smalltooth sawfish"
"415","OPS_TAU_","Opsanus tau","oyster toadfish"
"416","APO_PHEN","Apogon phenax","mimic cardinalfish"
"417","HOA_SPE.","Holacanthus species","angelfish Holacanthus"
"418","ELA_XANT","Elacatinus xanthiprora","yellowprow goby"
"419","CAR_PLUM","Carcharhinus plumbeus","sandbar shark"
"420","EMP_SPE.","Emblemariopsis species","tube blenny Emblemariopsis"
"421","RYP_BIST","Rypticus bistrispinus","freckled soapfish"
"422","GOB_DILE","Gobiosoma dilepsis","Orangesided Goby"
"423","OPI_SPE.","Opistognathus sp.","jawfish species"
"424","DER_INER","Dermatolepis inermis","marbled grouper"
"425","PRI_RUBI","Prionotus rubio","blackwing searobin"
"426","ENT_NIGR","Entomacrodus nigricans","pearl blenny"
"427","SAR_AURI","Sardinella aurita","Spanish sardine"
"428","AST_PUNC","Astrapogon puncticulatus","blackfin cardinalfish"
"429","SER_PHOE","Serranus phoebe","tattler"
"430","BAL_SPE.","Balistes sp.","triggerfish species"
"431","ORT_CHRY","Orthopristis chrysoptera","pigfish"
"432","ENN_BOEH","Enneanectes boehlkei","roughhead triplefin"
"433","BOT_LUNA","Bothus lunatus","peacock flounder"
"434","ACE_DEND","Acentronura dendritica","pipehorse"
"435","EUC_GULA","Eucinostomus gula","silver jenny"
"436","CAR_FALC","Carcharhinus falciformis","silky shark"
"437","GYM_SPE.","Gymnothorax species","moray eel Gymnothorax"
"438","PAR_FURC","Paranthias furcifer","Atlantic creolefish"
"439","SYG_SPE.","Syngnathus sp.","pipefish species"
"440","ALE_CILI","Alectis ciliaris","African pompano"
"441","SYA_SPE.","Syacium species","sand flounder species"
"442","LAB_FILA","Labrisomus filamentosus","quillfin blenny"
"443","AST_Y-GR","Astroscopus y-graecum","southern stargazer"
"444","ENC_NIGR","Enchelycore nigricans","viper moray"
"445","ALU_MONO","Aluterus monoceros","unicorn filefish"
"446","ACA_SPIN","Acanthemblemaria spinosa","spinyhead blenny"
"447","APO_LACH","Apogon lachneri","whitestar cardinalfish"
"448","ELA_MULT","Elacatinus multifasciatus","greenbanded goby"
"449","CHA_SPE.","Chaenopsis species","pikeblenny species"
"450","CAR_OBSC","Carcharhinus obscurus","dusky shark"
"451","TRA_LATH","Trachurus lathami","rough scad"
"452","PRO_AYA_","Prognathodes aya","bank butterflyfish"
"453","CHR_ATHE","Chriodorus atherinoides","hardhead halfbeak"
"454","SCI_SPE.","drum species","drum species"
"455","ELA_SAUC","Elacatinus saucrum","leopard goby"
"456","HYP_ABER","Hypoplectrus aberrans","yellowbelly hamlet"
"457","AHL_EGMO","Ahlia egmontis","key worm eel"
"458","XAN_RING","Xanthichthys ringens","sargassum triggerfish"
"459","LAB_BUCC","Labrisomus bucciferus","puffcheek blenny"
"460","UMB_CORO","Umbrina coroides","sand drum"
"461","LUT_CAMP","Lutjanus campechanus","red snapper"
"462","BRO_BARB","Brotula barbata","Atlantic bearded brotula"
"463","CTE_STIG","Ctenogobius stigmaticus","marked goby"
"464","ACA_CHAP","Acanthemblemaria chaplini","papillose blenny"
"465","EPI_NIVE","Epinephelus niveatus","Snowy grouper"
"466","OLI_SAUR","Oligoplites saurus","leatherjack"
"467","LAC_SPE.","Lactophrys species","trunkfish species"
"468","HYP_CHLO","Hypoplectrus chlorurus","yellowtail hamlet"
"469","DAC_VOLI","Dactylopterus volitans","flying gurnard"
"470","CAR_LUGU","Caranx lugubris","black jack"
"471","SEL_CRUM","Selar crumenophthalmus","bigeye scad"
"472","NAR_BANC","Narcine bancroftii","lesser electric ray"
"473","KYP_VAIG","Kyphosus vaigiensis","Brassy chub"
